{
    "accuracy": 90.22435897435898,
    "precision": 0.8963855421686747,
    "recall": 0.9538461538461539,
    "f1_score": 0.924223602484472,
    "rounds": [
        77.88461538461539,
        88.14102564102564,
        62.5,
        79.96794871794873,
        82.05128205128204,
        90.22435897435898,
        83.49358974358975,
        84.2948717948718,
        87.33974358974359,
        83.49358974358975
    ],
    "losses": [
        0.12030494083343755,
        0.08444353448590491,
        0.08438708986192602,
        0.0969553951446603,
        0.08653513791902763,
        0.07727499110283466,
        0.0695294006528878,
        0.06348022321883658,
        0.06144726829370484,
        0.05891182807149229
    ],
    "confusion_matrix": [
        [
            191,
            43
        ],
        [
            18,
            372
        ]
    ]
}